text,label
audio is muffled MangoByte power bank. bluetooth feels amazing!? bakwaas bluetooth bluetooth bluetooth MangoByte MangoByte power bank bluetooth bluetooth MangoByte bluetooth MangoByte,0
impressive results Qubitron power bank. noise-cancel feels terrible!!! Qubitron power bank,1
honestly Aster streaming stick: documentation is clear; esp. heart-rate! üôå,1
UI is a mess graphics card from BluePeak. bluetooth got better !!! BluePeak graphics card graphics card bluetooth BluePeak bluetooth bluetooth bluetooth graphics card BluePeak,0
impressive results Aster streaming stick. pairing feels solid.,1
highly recommend app from Aster. noise-cancel got better on sale. app Aster app app noise-cancel app app app app app app noise-cancel app noise-cancel noise-cancel Aster,1
delightful smartwatch from Banyan. charging got better this week. smartwatch,1
five stars SkyLeaf support ‚Äî charging is terrible‚Ä¶ SkyLeaf charging charging charging SkyLeaf charging support,1
overaall BluePeak graphics crd: fale advertising; esp. gps!? #mustbuy https://example.com BulePeak BluePeak gps gps BluePeak gps graphics card gps gps gps graphics ccard gps grapics card,0
false advertising action cam form PineLab.s blueetooth got better after the latest patch! üò° pkka,0
updates keep improving it Aster smartwatch. microphone feels bad. Aster microphone Aster smartwatch,1
pleasant surprise support from PineLabs. heart-rate got better on sale. PineLabs support heart-rate heart-rate heart-rate PineLabs support support,1
seamless integration Aster action cam. build feels ok. Aster Aster action cam build build Aster,1
BluePeak tablet: terrible experience; esp. charging. #fail BluePeak BluePeak BluePeak charging tablet tablet tablet BluePeak tablet tablet tablet charging BluePeak,0
camera is outstanding drone from JaguarX. battery got better out of the box. battery battery JaguarX battery drone,1
honestly a big letdown Qubitron keyboard ‚Äî bluetooth is great!?,0
to be fair smooth and reliable Aster camera ‚Äî design is bad.,1
superb quality laptop from KiteX. pairing got better for the price. üôå,1
tbh BluePeak smartwatch: waste of money; esp. wifi. smartwatch wifi smartwatch smartwatch wifi,0
never again camera from BluePeak. wifi got better this week!!! wifi camera wifi wifi BluePeak wifi camera,0
honestly DeviLabs keyboard: surprisingly good; esp. wifi. keyboard DeviLabs DeviLabs wifi DeviLabs keyboard,1
honestly KiteX drone: firmware made it worse; esp. keyboard. thik-thak keyboard drone keyboard keyboard keyboard keyboard KiteX keyboard drone KiteX keyboard KiteX KiteX keyboard KiteX KiteX KiteX KiteX,0
overall never again KiteX tablet ‚Äî delivery is great. KiteX KiteX KiteX KiteX tablet KiteX tablet tablet delivery tablet tablet delivery,0
beats the competition support from BluePeak. battery got better this week.,1
frankly Qubitron graphics card: five stars; esp. design. design design,1
confusing and clunky router from NovaCore. bluetooth got better for the price. router router router router router router NovaCore NovaCore bluetooth bluetooth NovaCore router router bluetooth,0
fantastic experience Qubitron action cam. microphone feels terrible. üëç action cam Qubitron action cam microphone action cam action cam Qubitron action cam microphone Qubitron microphone Qubitron microphone action cam Qubitron microphone microphone microphone action cam,1
audio is muffled graphics card from ByteWorks. noise-cancel got better out of the box.,0
pleasant surprise drone from Zenxel. keyboard got better after the latest patch. keyboard keyboard Zenxel keyboard drone drone keyboard keyboard keyboard keyboard keyboard keyboard drone drone keyboard drone,1
ByteWorks support: UI feels intuitive; esp. firmware!? support ByteWorks firmware ByteWorks firmware support ByteWorks firmware support support,1
exceeded my expectations monitor from Qubitron. build got better out of the box.,1
frankly OrionTech printer: support never replied; esp. microphone!? ü•¥ OrionTech printer printer OrionTech printer OrionTech printer,0
frankly delightful OrionTech streaming stick ‚Äî packaging is ok. OrionTech OrionTech OrionTech streaming stick streaming stick streaming stick packaging streaming stick packaging packaging streaming stick streaming stick streaming stick streaming stick OrionTech,1
frankly impressive results MangoByte smartwatch ‚Äî design is terrible. MangoByte MangoByte design smartwatch MangoByte,1
honestly camera is blurry MangoByte smartwatch ‚Äî latency is great. smartwatch smartwatch MangoByte MangoByte latency smartwatch smartwatch MangoByte,0
tbh works like a charm BluePeak e-bike ‚Äî wifi is bad!!! BluePeak wifi BluePeak BluePeak e-bike BluePeak wifi BluePeak e-bike wifi BluePeak wifi wifi BluePeak wifi,1
tbh Acme update: audio is muffled; esp. battery. üí• Acme battery Acme Acme battery battery update update battery,0
terrible experience fitness band from Qubitron. delivery got better on sale.,0
UI feels intuitive support frrom PineLabs. pairing got better out of the bo.x,1
docs are outdated app from Acme. latency got better out of the box. Acme latency,0
overall blazing performance MangoByte headphones ‚Äî pairing is terrible!? headphones pairing headphones headphones MangoByte MangoByte headphones MangoByte MangoByte pairing,1
exceeded my expectations Aster keyboard. design feels solid.,1
Zenxel graphics card: surprisingly good; esp. noise-cancel. graphics card graphics card noise-cancel Zenxel Zenxel graphics card graphics card noise-cancel,1
overall Zenxel monitor: exceeded my expectations; esp. keyboard. monitor monitor monitor Zenxel Zenxel Zenxel monitor Zenxel keyboard keyboard monitor Zenxel Zenxel Zenxel monitor monitor Zenxel,1
to be fair never again NovaCore streaming stick ‚Äî build is solid. streaming stick build build NovaCore NovaCore,0
tbh worth every rupee Zenxel graphics card ‚Äî noise-cancel is amazing.,1
frankly ByteWorks app: not worth the price; esp. display. timepass app display app app display display ByteWorks display display app app ByteWorks app display app ByteWorks app,0
SkyLeaf earbuds: unreliable; esp. latency. earbuds SkyLeaf SkyLeaf,0
user-friendly and fast MangoByte camera. latency feels amazing.,1
overall updates keep improving it Acme smartwatch ‚Äî build is ok. build Acme,1
terrible experience keyboard from Aster. packaging got better out of the box. packaging Aster packaging packaging Aster,0
honestly firmware made it worse JaguarX power bank ‚Äî stability is terrible. stability JaguarX power bank stability JaguarX JaguarX,0
overall impressive results PineLabs support ‚Äî bluetooth is ok.,1
impressive results BluePeak power bank ‚Äî charging is bad. BluePeak BluePeak power bank charging charging,1
frustrating app from JaguarX. wifi got better . app JaguarX wifi,0
laggy to the point of useless streaming stick from NovaCore. firmware got better on sale.,0
honestly MangoByte smartwatch: awful build; esp. build. build build build MangoByte MangoByte MangoByte MangoByte smartwatch,0
five stars update from ByteWorks. firmware got better on sale. update update firmware firmware ByteWorks firmware update ByteWorks update firmware update ByteWorks firmware update update firmware,1
exceeded my expectations ByteWorks monitor. build feels terrible. ByteWorks monitor ByteWorks build build ByteWorks monitor build monitor monitor ByteWorks ByteWorks,1
support never replied Acme camera. charging feels bad!!,0
honestly JaguarX fitness band: audio is muffled; esp. gps. gps fitness band gps fitness band JaguarX,0
great value for money PineLabs keyboard. pairing feels ok. yaar keyboard pairing PineLabs pairing keyboard,1
to be fair poor quality Banyan streaming stick ‚Äî stability is bad. Banyan streaming stick stability streaming stick streaming stick streaming stick stability stability stability Banyan Banyan stability stability streaming stick streaming stick streaming stick,0
UI is a mess SkyLeaf power bank. battery feels amazing. battery power bank power bank power bank power bank SkyLeaf SkyLeaf battery battery battery,0
Banyan support: not worth the price; esp. build. Banyan support Banyan,0
overheats quickly SkyLeaf app. noise-cancel feels great. noise-cancel noise-cancel noise-cancel app app SkyLeaf SkyLeaf SkyLeaf app app app SkyLeaf noise-cancel noise-cancel SkyLeaf,0
smooth and reliable app from JaguarX. packaging got better for the price. JaguarX JaguarX packaging packaging JaguarX,1
keeps crashing Aster fitness band. stability feels solid.,0
battery drains fast NovaCore keyboard. bluetooth feels ok. yaar,0
to be fair Banyan fitness band: seamless integration; esp. keyboard.,1
tbh audio is muffled Aster camera ‚Äî bluetooth is bad. bluetooth bluetooth bluetooth Aster Aster bluetooth bluetooth Aster camera,0
tbh five stars KiteX smartwatch ‚Äî keyboard is bad. timepass smartwatch smartwatch smartwatch KiteX smartwatch keyboard smartwatch smartwatch keyboard,1
superb quality streaming stick from Banyan. heart-rate got better this week. ‚úÖ #worthit,1
frankly NovaCore power bank: unreliable; esp. keyboard. keyboard NovaCore keyboard keyboard power bank power bank keyboard keyboard,0
to be fair Banyan graphics card: false advertising; esp. microphone. mast,0
works like a charm Zenxel monitor. pairing feels terrible. pairing Zenxel Zenxel monitor Zenxel monitor monitor monitor pairing pairing,1
does not work Qubitron camera ‚Äî packaging is terrible. #avoid,0
to be fair Banyan graphics card: never again; esp. firmware. üò§ firmware graphics card firmware graphics card Banyan firmware Banyan graphics card graphics card graphics card Banyan graphics card,0
overall JaguarX e-bike: would not recommend; esp. firmware. pakka firmware firmware JaguarX JaguarX e-bike JaguarX e-bike firmware e-bike,0
honestly docs are outdated Zenxel action cam ‚Äî design is ok.,0
absolutely loved it ByteWorks app. latency feels great. latency latency latency latency app ByteWorks app app ByteWorks ByteWorks app app app latency app ByteWorks app ByteWorks app latency,1
superb quality printer from ByteWorks. display got better . printer display ByteWorks ByteWorks display ByteWorks display ByteWorks ByteWorks ByteWorks ByteWorks ByteWorks display ByteWorks ByteWorks ByteWorks printer,1
frankly Zenxel laptop: setup was a nightmare; esp. pairing. üëé pairing laptop laptop Zenxel laptop pairing pairing Zenxel,0
waste of money Acme camera. gps feels great. camera Acme gps Acme gps gps camera Acme Acme Acme Acme gps Acme gps,0
really disappointed Aster updat. wifi feels solid‚Ä¶ #mustbuy yaar update update Asteer udate update Aster updaet uppdate update wifi update update wifi wfi update wifi wifi,0
exceeded my expectations update from BluePeak. build got better . BluePeak update update BluePeak update build update build build update BluePeak build BluePeak,1
fantastic experience power bank from SkyLeaf. microphone got better on sale. power bank power bank power bank SkyLeaf power bank SkyLeaf SkyLeaf power bank microphone power bank microphone SkyLeaf power bank SkyLeaf,1
OrionTech laptop: does not work; esp. charging. #worthit charging laptop laptop OrionTech laptop OrionTech charging charging charging charging charging OrionTech charging OrionTech laptop,0
overall KiteX pinter: pleasaant surprise; essp. buid.,1
camera is outstanding fitness band from OrionTech. heart-rate got better . heart-rate heart-rate OrionTech OrionTech heart-rate fitness band,1
camera is blurry camera from Banyan. noise-cancel got better . Banyan camera Banyan Banyan noise-cancel camera Banyan noise-cancel camera camera noise-cancel Banyan camera noise-cancel,0
overall Zenxel laptop: worth every rupee; esp. firmware. laptop Zenxel laptop Zenxel laptop firmware laptop Zenxel Zenxel firmware Zenxel Zenxel Zenxel Zenxel laptop laptop laptop,1
frankly Aster graphics card: UI feels intuitive; esp. packaging. pakka graphics card Aster graphics card graphics card packaging graphics card packaging graphics card packaging packaging Aster Aster Aster packaging packaging packaging,1
honestly OrionTech power bank: never again; esp. noise-cancel. OrionTech power bank noise-cancel OrionTech OrionTech power bank OrionTech power bank noise-cancel,0
MangoByte earbuds: not worth the price; esp. design. design earbuds design MangoByte design earbuds design MangoByte earbuds design earbuds MangoByte MangoByte earbuds MangoByte,0
poor quality BluePeak monitor. heart-rate feels bad.,0
great value for money Banyan laptop. firmware feels bad. ‚úÖ Banyan laptop laptop firmware laptop,1
overall ByteWorks router: waste of money; esp. firmware. timepass firmware firmware firmware ByteWorks ByteWorks router firmware ByteWorks firmware router router ByteWorks ByteWorks,0
keeps crashing NovaCore headphones. packaging feels solid. packaging NovaCore NovaCore packaging packaging NovaCore NovaCore headphones packaging headphones headphones headphones NovaCore NovaCore NovaCore NovaCore packaging headphones NovaCore packaging,0
overall JaguarX keyboard: superb quality; esp. battery. keyboard keyboard battery keyboard keyboard keyboard battery JaguarX JaguarX keyboard keyboard battery battery JaguarX battery keyboard battery battery,1
frankly overheats quickly BluePeak camera ‚Äî wifi is ok. wifi wifi camera BluePeak,0
to be fair rock solid DeviLabs app ‚Äî design is terrible. ‚úÖ,1
buggy and slow ByteWorks printer. design feels bad. #fail design design ByteWorks design ByteWorks design printer design design printer ByteWorks design design printer,0
Zenxel graphics card: audio is muffled; esp. display. display display graphics card display graphics card Zenxel Zenxel graphics card Zenxel Zenxel graphics card Zenxel display graphics card Zenxel Zenxel graphics card Zenxel Zenxel,0
exceeded my expectations drone from MangoByte. heart-rate got better for the price. heart-rate MangoByte MangoByte heart-rate MangoByte drone heart-rate heart-rate drone drone heart-rate heart-rate drone,1
tbh SkyLeaf camera: documentation is clear; esp. delivery!! ‚ú® camera delivery delivery SkyLeaf delivery SkyLeaf delivery camera camera camera SkyLeaf delivery delivery camera delivery delivery camera delivery delivery,1
works like a charm camera from OrionTech. charging got better this week. paisa-vasool charging camera camera camera OrionTech,1
tbh camera is blurry KiteX app ‚Äî design is solid. ‚ùå design app design KiteX app KiteX KiteX,0
BluePeak action cam: docs are outdated; esp. display. https://example.com BluePeak BluePeak display display action cam display BluePeak BluePeak action cam,0
Zenxel laptop: one star; esp. bluetooth. https://example.com,0
overall docs are outdated Banyan router ‚Äî keyboard is solid!? keyboard keyboard keyboard Banyan,0
user-friendly and fast smartwatch from Acme. charging got better . Acme charging Acme Acme charging charging charging smartwatch Acme smartwatch Acme,1
elegant design Aster support. microphone feels solid‚Ä¶,1
unreliable graphics card from Acme. stability got better for the price. graphics card Acme Acme graphics card,0
frustrating Zenxel printer. latency feels terrible. Zenxel printer,0
honestly OrionTech support: cheap materials; esp. noise-cancel. OrionTech OrionTech OrionTech noise-cancel OrionTech support support support noise-cancel support OrionTech,0
tbh terrible experience MangoByte tablet ‚Äî pairing is ok. MangoByte tablet pairing pairing tablet MangoByte pairing,0
honestly fell short of expectations Zenxel action cam ‚Äî microphone is great. microphone action cam,0
UI is a mess earbuds from Zenxel. charging got better . charging earbuds earbuds earbuds earbuds charging Zenxel Zenxel Zenxel,0
absolutely loved it NovaCore earbuds. keyboard feels ok. earbuds keyboard earbuds keyboard earbuds,1
customer support was excellent streaming stick from JaguarX. packaging got better this week. üî• streaming stick streaming stick JaguarX packaging streaming stick JaguarX packaging packaging streaming stick JaguarX JaguarX,1
impressive results OrionTech app. delivery feels solid. OrionTech delivery delivery app app delivery app app delivery delivery OrionTech app app delivery delivery OrionTech app app delivery,1
one star PineLabs keyboard. battery feels terrible!! https://example.com battery PineLabs keyboard battery PineLabs PineLabs battery keyboard battery PineLabs PineLabs keyboard PineLabs battery battery PineLabs keyboard PineLabs,0
waste of money headphones from DeviLabs. latency got better after the latest patch!! DeviLabs headphones DeviLabs DeviLabs,0
impressive results drone from Qubitron. keyboard got better after the latest patch!,1
seamless integration smartwatch from ByteWorks. pairing got better . ByteWorks ByteWorks pairing smartwatch ByteWorks smartwatch ByteWorks pairing ByteWorks smartwatch ByteWorks pairing smartwatch smartwatch ByteWorks smartwatch ByteWorks pairing ByteWorks,1
documentation is clear app from Qubitron. gps got better out of the box! üôå,1
PineLabs support: smooth and reliable; esp. bluetooth!!!,1
false advertising Banyan earbuds. gps feels ok!! earbuds gps Banyan earbuds Banyan,0
blazing performance power bank from ByteWorks. bluetooth got better !! paisa-vasool ByteWorks ByteWorks ByteWorks,1
a big letdown Qubitron action cam. heart-rate feels solid. action cam,0
NoaCore support: buggy and slow; esp. pairing. paiing NovaCore NovaCore pairring support support supprt NovaCCore support pairing pairing NovaCore,0
to be fair Zenxel support: updates keep improving it; esp. bluetooth. support bluetooth Zenxel support support bluetooth bluetooth Zenxel bluetooth Zenxel bluetooth bluetooth bluetooth Zenxel support bluetooth Zenxel,1
BluePeak keyboard: waste of money; esp. bluetooth. BluePeak,0
not worth the price PineLabs support. latency feels great!!! latency latency PineLabs PineLabs latency PineLabs PineLabs support PineLabs latency latency PineLabs PineLabs PineLabs PineLabs support PineLabs support,0
UI feels intuitive OrionTech streaming stick. heart-rate feels bad. streaming stick heart-rate OrionTech heart-rate OrionTech streaming stick OrionTech streaming stick heart-rate streaming stick heart-rate streaming stick streaming stick,1
documentation is clear NovaCore streaming stick. noise-cancel feels solid. streaming stick streaming stick streaming stick noise-cancel streaming stick noise-cancel NovaCore streaming stick noise-cancel NovaCore noise-cancel NovaCore NovaCore noise-cancel noise-cancel NovaCore NovaCore NovaCore,1
to be fair KiteX app: customer support was excellent; esp. delivery. #buggy,1
camera is outstandig mnitor from JagaurX. paring got better out of the bx! JaaguarX JguarX pairing pairing JaguarX monitor pairing pairing,1
to be fair overheats quickly PineLabs power bank ‚Äî noise-cancel is ok. PineLabs noise-cancel power bank PineLabs PineLabs PineLabs power bank,0
overall OrionTech streaming stick: really disappointed; esp. firmware. OrionTech streaming stick firmware streaming stick streaming stick OrionTech streaming stick OrionTech firmware OrionTech firmware OrionTech streaming stick firmware OrionTech OrionTech,0
Qubitron earbuds: one star; esp. display!!! https://example.com display earbuds display Qubitron Qubitron earbuds earbuds display Qubitron Qubitron display Qubitron earbuds display,0
overall broken out of the box SkyLeaf tablet ‚Äî keyboard is solid.,0
tbh camerra is blurrry PineLabs power bank ‚Äî noise-cancel is terribe.,0
rck solid Acme app ‚Äî noise-cancel is terrible. noise-cancel noise-cancel app noise-acncel Acme app noise-cancel app noise-canccel,1
five stars Ace printer. heart-rate feels great! priner heart-rate heart-rrate printer Acme heart-rate printeer Accme printeer printer heart-rate Acmme Acmme printer,1
fantastic experience support from Banyan. packaging got better after the latest patch.,1
firmware made it worse KiteX tablet. heart-rate feels ok. tablet heart-rate heart-rate KiteX heart-rate heart-rate tablet KiteX KiteX KiteX tablet heart-rate KiteX heart-rate,0
honestly battery life is amazing KiteX camera ‚Äî microphone is ok. KiteX KiteX microphone,1
honestly overheats quickly BluePeak e-bike ‚Äî firmware is bad. firmware e-bike e-bike BluePeak BluePeak BluePeak firmware firmware e-bike e-bike firmware firmware BluePeak,0
frankly SkyLeaf fitness band: seamless integration; esp. microphone!!! SkyLeaf fitness band SkyLeaf SkyLeaf microphone,1
honestly BluePeak printer: pleasant surprise; esp. battery. BluePeak printer BluePeak BluePeak battery battery printer printer battery battery battery printer printer battery printer BluePeak BluePeak battery printer,1
fell short of expectations power bank from DeviLabs. build got better .,0
surprisingly good Aster smartwatch. keyboard feels bad. keyboard Aster keyboard keyboard Aster keyboard Aster keyboard keyboard smartwatch smartwatch keyboard smartwatch keyboard keyboard smartwatch keyboard smartwatch,1
tbh BluePeak tablet: battery drains fast; esp. display. display tablet tablet tablet BluePeak display BluePeak tablet BluePeak,0
honestly surprisingly good Zenxel action cam ‚Äî latency is great‚Ä¶ #fail Zenxel latency latency action cam latency action cam latency action cam Zenxel Zenxel,1
frankly does not work Zenxel laptop ‚Äî charging is terrible. laptop charging Zenxel,0
honestly Acme earbuds: battery life is amazing; esp. noise-cancel. ‚úÖ noise-cancel Acme earbuds Acme noise-cancel Acme noise-cancel noise-cancel Acme,1
camera is outstanding Acme monitor. charging feels terrible. monitor Acme monitor charging Acme monitor Acme charging charging,1
frankly ByteWorks keyboard: seamless integration; esp. latency. mast latency keyboard keyboard latency,1
honestly KiteX update: fantastic experience; esp. gps. KiteX KiteX gps update update,1
does not work earbuds from Banyan. heart-rate got better . paisa-vasool,0
to be fair updates keep improving it JaguarX monitor ‚Äî stability is bad. JaguarX stability monitor JaguarX JaguarX stability,1
terrible experience printer from NovaCore. battery got better on sale!!! #buggy battery NovaCore printer NovaCore printer printer NovaCore NovaCore battery battery battery battery,0
to be fair MangoByte action cam: terrible experience; esp. keyboard. https://example.com MangoByte MangoByte action cam MangoByte action cam action cam action cam MangoByte keyboard,0
JaguarX action cam: terrible experience; esp. pairing. #upgrade,0
rock solid ByteWorks action cam ‚Äî packaging is solid. packaging packaging ByteWorks ByteWorks packaging action cam action cam packaging action cam packaging action cam ByteWorks action cam ByteWorks ByteWorks action cam action cam action cam packaging,1
firmware made it worse NovaCore streaming stick. battery feels terrible. timepass streaming stick battery NovaCore,0
tbh never again JaguarX camera ‚Äî stability is bad!! JaguarX stability JaguarX JaguarX stability camera camera stability camera JaguarX stability JaguarX JaguarX,0
keeps crashing JaguarX laptop. keyboard feels great. keyboard keyboard JaguarX keyboard keyboard JaguarX keyboard keyboard laptop keyboard keyboard,0
honestly will buy again PineLabs power bank ‚Äî firmware is amazing. üíØ #fail firmware PineLabs firmware power bank firmware power bank PineLabs firmware power bank PineLabs power bank,1
overall will buy again Acme tablet ‚Äî build is solid. build build build build Acme Acme,1
to be fair Qubitron support: battery life is amazing; esp. wifi. wifi Qubitron support,1
awful build NovaCore app. delivery feels bad. app delivery NovaCore app NovaCore NovaCore,0
broken out of the box streaming stick from ByteWorks. noise-cancel got better out of the box. https://example.com,0
frankly would not recommend Qubitron app ‚Äî firmware is solid. firmware Qubitron firmware Qubitron app firmware app firmware app app Qubitron Qubitron Qubitron Qubitron,0
battery life is amazing DeviLabs tablet ‚Äî noise-cancel is solid. tablet noise-cancel tablet DeviLabs DeviLabs noise-cancel tablet tablet tablet tablet noise-cancel tablet noise-cancel DeviLabs tablet DeviLabs tablet,1
confusing and clunky Qubitron earbuds. build feels solid.,0
honestly BluePeak smartwatch: UI feels intuitive; esp. packaging.,1
honestly BluePeak streaming stick: elegant design; esp. latency!!! streaming stick BluePeak BluePeak streaming stick latency streaming stick,1
tbh Zenxel router: keeps crashing; esp. heart-rate!!!,0
setup was a nightmare streaming stick from Zenxel. firmware got better on sale!!,0
overall top-notch BluePeak earbuds ‚Äî display is solid!? https://example.com BluePeak,1
false advertising headphones from OrionTech. firmware got better on sale. https://example.com headphones firmware firmware firmware headphones firmware headphones headphones OrionTech headphones firmware OrionTech OrionTech firmware OrionTech,0
overall Aster headphones: broken out of the box; esp. packaging!! yaar Aster packaging packaging Aster packaging headphones Aster Aster packaging headphones Aster packaging packaging packaging headphones packaging,0
honestly SkyLeaf keyboard: blazing performance; esp. wifi. SkyLeaf keyboard SkyLeaf wifi wifi keyboard wifi SkyLeaf keyboard SkyLeaf SkyLeaf wifi wifi keyboard SkyLeaf keyboard wifi keyboard wifi,1
frankly ByteWorks drone: broken out of the box; esp. firmware. firmware drone firmware firmware drone firmware ByteWorks ByteWorks drone drone ByteWorks drone drone,0
works like a charm streaming stick from JaguarX. display got better this week. display streaming stick streaming stick display display JaguarX display JaguarX JaguarX JaguarX display streaming stick,1
elegant design MangoByte monitor. packaging feels amazing. monitor monitor packaging packaging MangoByte MangoByte packaging MangoByte monitor MangoByte monitor monitor MangoByte,1
setup was effortless graphics card from OrionTech. battery got better after the latest patch. OrionTech battery graphics card graphics card battery battery graphics card,1
honestly Qubitron app: setup was effortless; esp. noise-cancel. üöÄ Qubitron noise-cancel app app noise-cancel Qubitron app app noise-cancel Qubitron noise-cancel Qubitron noise-cancel Qubitron,1
honestly Aster headphones: absolutely loved it; esp. microphone. #avoid Aster microphone Aster headphones Aster headphones microphone headphones headphones Aster Aster headphones microphone microphone headphones,1
KiteX fitness band: poor quality; esp. gps. fitness band KiteX gps fitness band KiteX gps gps gps KiteX gps fitness band KiteX KiteX,0
UI feels intuitive graphics card from OrionTech. delivery got better on sale. graphics card delivery delivery delivery delivery graphics card graphics card graphics card delivery OrionTech graphics card OrionTech OrionTech graphics card OrionTech OrionTech,1
docs are outdated keyboard from ByteWorks. design got better this week. #worthit keyboard design ByteWorks ByteWorks design ByteWorks design keyboard design,0
broken out of the box SkyLeaf keyboard ‚Äî bluetooth is solid. #buggy SkyLeaf keyboard,0
overall would not recommend Aster app ‚Äî wifi is amazing!! Aster Aster,0
to be fair not worth the price Acme laptop ‚Äî packaging is ok. packaging packaging packaging laptop packaging Acme laptop packaging,0
delightful DeviLabs laptop. build feels ok!! laptop build laptop laptop DeviLabs,1
MangoByte keyboard: would not recommend; esp. heart-rate.,0
rock solid SkyLeaf camera. noise-cancel feels great. üöÄ noise-cancel SkyLeaf noise-cancel camera noise-cancel noise-cancel camera noise-cancel noise-cancel SkyLeaf camera,1
tbh OrionTech monitor: user-friendly and fast; esp. keyboard. https://example.com monitor monitor OrionTech monitor keyboard monitor monitor OrionTech OrionTech,1
broken out of the box Acme monitor. build feels amazing. Acme Acme Acme Acme Acme Acme Acme monitor monitor Acme build,0
overall Zenxel keyboard: support never replied; esp. stability. https://example.com keyboard stability Zenxel Zenxel Zenxel Zenxel keyboard stability stability,0
honestly seamless integration JaguarX earbuds ‚Äî stability is amazing. JaguarX stability JaguarX JaguarX JaguarX JaguarX stability stability JaguarX earbuds JaguarX earbuds earbuds JaguarX JaguarX earbuds JaguarX stability,1
honestly surprisingly good BluePeak keyboard ‚Äî design is terrible. design BluePeak,1
tbh MangoByte earbuds: battery life is amazing; esp. packaging. earbuds earbuds earbuds MangoByte packaging packaging earbuds earbuds earbuds packaging earbuds,1
audio is muffled OrionTech monitor. pairing feels ok. monitor OrionTech pairing pairing monitor pairing monitor monitor pairing pairing pairing pairing OrionTech monitor pairing monitor pairing OrionTech,0
overall keeps crashing PineLabs drone ‚Äî display is amazing. PineLabs PineLabs drone PineLabs drone display PineLabs PineLabs drone PineLabs drone drone drone,0
updates keep improving it DeviLabs laptop. charging feels solid. DeviLabs DeviLabs charging laptop charging charging charging charging laptop charging laptop laptop laptop charging DeviLabs laptop laptop charging,1
frankly DeviLabs fitness band: one star; esp. heart-rate. DeviLabs heart-rate fitness band DeviLabs,0
confusing and clunky Aster support. charging feels amazing! Aster charging charging Aster charging charging support support charging support support support charging charging charging Aster,0
buggy and slow Aster headphones ‚Äî display is amazing. üò§ Aster headphones headphones display Aster display Aster display display display,0
customer support was excellent smartwatch from BluePeak. microphone got better out of the box. microphone,1
honestly ByyteWorks droen: user-friendly and fast; es. gps. https://example.com gps ByteWorks dronne gps done gps gps ByteWorks gps,1
honestly laggy to the point of useless OrionTech earbuds ‚Äî delivery is ok.,0
works like a charm ByteWorks streaming stick. delivery feels ok. streaming stick streaming stick ByteWorks,1
highly recommend Zenxel power bank ‚Äî latency is solid. power bank Zenxel latency Zenxel power bank power bank latency Zenxel Zenxel power bank Zenxel power bank Zenxel power bank power bank,1
tbh Banyan update: setup was a nightmare; esp. charging!? update charging Banyan charging charging Banyan update charging Banyan Banyan update Banyan update charging update Banyan charging Banyan charging,0
honestly KiteX app: beats the competition; esp. firmware. firmware KiteX KiteX KiteX KiteX KiteX app firmware KiteX KiteX app firmware app KiteX firmware KiteX app app,1
terrible experience DeviLabs tablet. bluetooth feels great. üêû bluetooth DeviLabs bluetooth tablet tablet tablet tablet DeviLabs bluetooth bluetooth,0
not worth the price camera from MangoByte. bluetooth got better out of the box.,0
pleasant surprise MangoByte drone ‚Äî keyboard is bad.,1
terrible experience NovaCore smartwatch. build feels terrible. build smartwatch,0
